{
  "n_total": 7839,
  "n_train": 5487,
  "n_val": 2352,
  "ensemble_size": 5,
  "recon_weight": 1.0,
  "comp_weight": 0.5,
  "entropy_weight": 0.0,
  "huber_delta": 1.0,
  "nu_filter_max": 0.48,
  "C_scale": 200.0,
  "comp_recon_l1_val": 0.8187013929911688,
  "train": {
    "E_GPa": {
      "MAE": 8.565598823515383,
      "RMSE": 18.32886517921653,
      "MAPE": 7.731405383968642,
      "MedAPE": 4.24365151862894,
      "P95AE": 23.952415466308583,
      "R2": 0.9405611502384077
    },
    "nu": {
      "MAE": 0.01384555601485444,
      "RMSE": 0.02079065003428821,
      "MAPE": 5.699742993341934,
      "MedAPE": 3.0839246098357913,
      "P95AE": 0.040554332423210084,
      "R2": 0.8982072548192043
    }
  },
  "val": {
    "E_GPa": {
      "MAE": 8.468425453990495,
      "RMSE": 16.615651006094485,
      "MAPE": 7.872848041961642,
      "MedAPE": 4.296973212622138,
      "P95AE": 23.825867980957018,
      "R2": 0.9479848353635784
    },
    "nu": {
      "MAE": 0.013705745097477825,
      "RMSE": 0.02018588102614296,
      "MAPE": 4.811873643689597,
      "MedAPE": 3.0680672554626183,
      "P95AE": 0.03935566674470897,
      "R2": 0.8957051733685902
    }
  }
}