{
  "n_total": 7839,
  "n_train": 5487,
  "n_val": 2352,
  "ensemble_size": 1,
  "recon_weight": 1.0,
  "comp_weight": 0.5,
  "entropy_weight": 0.0,
  "huber_delta": 1.0,
  "nu_filter_max": 0.48,
  "C_scale": 200.0,
  "comp_recon_l1_val": 0.89154520459037,
  "train": {
    "E_GPa": {
      "MAE": 9.640191388402194,
      "RMSE": 20.577442003093083,
      "MAPE": 8.681026579341857,
      "MedAPE": 4.48706331244847,
      "P95AE": 28.997486511230452,
      "R2": 0.9250827174890249
    },
    "nu": {
      "MAE": 0.015917550539457672,
      "RMSE": 0.025063892347689867,
      "MAPE": 7.779422794438327,
      "MedAPE": 3.2306132906655365,
      "P95AE": 0.04831753048896788,
      "R2": 0.8520626879023647
    }
  },
  "val": {
    "E_GPa": {
      "MAE": 9.593159280180119,
      "RMSE": 18.03996794605029,
      "MAPE": 9.011555362980081,
      "MedAPE": 4.711099307139522,
      "P95AE": 29.45216473388673,
      "R2": 0.938684993724282
    },
    "nu": {
      "MAE": 0.015515019558167377,
      "RMSE": 0.023563453250974892,
      "MAPE": 6.7012411136448655,
      "MedAPE": 3.3874002829950816,
      "P95AE": 0.045388982999324624,
      "R2": 0.8578832647055246
    }
  }
}