{
  "elements": {
    "Al": {
      "a_lat": 4.0469,
      "E_coh": 3.6089,
      "B_GPa": 77.5,
      "lattice": "fcc",
      "eos_data": {
        "volumes": [
          14.693280768000001,
          15.314043221999993,
          15.952047983999993,
          16.60753125,
          17.280729216,
          17.971878078,
          18.681214032
        ],
        "energies": [
          -537.4683294222963,
          -537.5056375901453,
          -537.5262240904949,
          -537.5321684173003,
          -537.5253308768196,
          -537.5074074185519,
          -537.4798814710888
        ]
      },
      "C11": 166.9,
      "C12": 32.4
    },
    "Cr": {
      "a_lat": 2.848,
      "E_coh": 8.666,
      "B_GPa": 209.4,
      "lattice": "bcc",
      "eos_data": {
        "volumes": [
          10.900907900928,
          11.361449998111999,
          11.834784120064006,
          12.321085500000006,
          12.820529371136006,
          13.333290966687999,
          13.859545519872006
        ],
        "energies": [
          -3376.9246548471147,
          -3376.9473378485345,
          -3376.944764467962,
          -3376.9168046349832,
          -3376.864031693456,
          -3376.786324552722,
          -3376.684279006031
        ]
      },
      "C11": 386.4,
      "C12": 28.1
    },
    "Cu": {
      "a_lat": 3.6394,
      "E_coh": 3.8578,
      "B_GPa": 138.5,
      "lattice": "fcc",
      "eos_data": {
        "volumes": [
          10.405796143104,
          10.845420734208588,
          11.297256345092736,
          11.76147025,
          12.238229723173927,
          12.727702038858068,
          13.230054471295999
        ],
        "energies": [
          -2899.083349369307,
          -2899.149705009148,
          -2899.191070938559,
          -2899.211059876919,
          -2899.213223726164,
          -2899.1995353116245,
          -2899.1730964589465
        ]
      },
      "C11": 88.1,
      "C12": 80.7
    },
    "Fe": {
      "a_lat": 2.8058,
      "E_coh": 6.8846,
      "B_GPa": 420.2,
      "lattice": "bcc",
      "eos_data": {
        "volumes": [
          10.457536610303995,
          10.899347135230814,
          11.353429396470522,
          11.819951500000004,
          12.299081551796153,
          12.790987657835851,
          13.295837924096004
        ],
        "energies": [
          -4477.0290631720945,
          -4477.103699236046,
          -4477.066208343755,
          -4477.0430838376315,
          -4476.96235528089,
          -4476.964288105485,
          -4476.886552392799
        ]
      },
      "C11": 8.5,
      "C12": 90.4
    },
    "Mg": {
      "a_lat": 3.1772,
      "E_coh": 1.4828,
      "B_GPa": 47.8,
      "lattice": "hcp",
      "eos_data": {
        "volumes": [
          20.69253976704242,
          21.566759212522353,
          22.46526099151235,
          23.38837773871802,
          24.336442088844993,
          25.309786676598886,
          26.30874413668533
        ],
        "energies": [
          -1923.1387783072473,
          -1923.1687980419845,
          -1923.1723817812394,
          -1923.167775438179,
          -1923.1606387085326,
          -1923.144311742156,
          -1923.1175517951492
        ]
      }
    },
    "Mn": {
      "a_lat": 10.1795,
      "E_coh": 0.0034,
      "B_GPa": -0.0,
      "lattice": "bcc",
      "eos_data": {
        "volumes": [
          312.90810723532775,
          326.12786445571186,
          339.7148138672639,
          353.6739855,
          368.010409383936,
          382.7291155490877,
          397.83513402547163
        ],
        "energies": [
          -3889.908188550307,
          -3889.905977353254,
          -3889.9041160945976,
          -3889.902561916408,
          -3889.9013262474664,
          -3889.900189491905,
          -3889.8991557314325
        ]
      }
    },
    "Si": {
      "a_lat": 5.4649,
      "E_coh": 5.1316,
      "B_GPa": 98.7,
      "lattice": "diamond",
      "eos_data": {
        "volumes": [
          35.412223500287986,
          36.908320873552,
          38.445973871744,
          40.02575174999998,
          41.648223763456,
          43.313959167248,
          45.023527216511994
        ],
        "energies": [
          -1271.2097594625152,
          -1271.3442415230018,
          -1271.429170156843,
          -1271.4827066498017,
          -1271.4782385405708,
          -1271.4256141731996,
          -1271.3681423699063
        ]
      }
    },
    "Ti": {
      "a_lat": 2.9148,
      "E_coh": 6.2877,
      "B_GPa": 114.5,
      "lattice": "hcp",
      "eos_data": {
        "volumes": [
          16.060710328563406,
          16.739244014399937,
          17.436624662909846,
          18.153110451664006,
          18.888959558233264,
          19.6444301601885,
          20.41978043510056
        ],
        "energies": [
          -2499.0940017057706,
          -2499.131377221794,
          -2499.1422476254206,
          -2499.136406293703,
          -2499.1076371941685,
          -2499.0674467965405,
          -2499.0075288258945
        ]
      }
    },
    "Zn": {
      "a_lat": 2.766,
      "E_coh": 0.9644,
      "B_GPa": 68.4,
      "lattice": "hcp",
      "eos_data": {
        "volumes": [
          11.774530830204972,
          12.27198179219673,
          12.78324996018459,
          13.308524610963012,
          13.847995021326458,
          14.401850468069396,
          14.970280227986297
        ],
        "energies": [
          -3315.5536631067803,
          -3315.638879637063,
          -3315.7026114192145,
          -3315.748200555401,
          -3315.777497963954,
          -3315.7931208357727,
          -3315.798602569052
        ]
      }
    }
  },
  "binary_pairs": {
    "Al-Mg": {
      "E_form": 0.8097
    },
    "Al-Fe": {
      "E_form": 1.1648
    },
    "Al-Cu": {
      "E_form": 0.032
    },
    "Al-Si": {
      "E_form": 0.8352
    },
    "Al-Cr": {
      "E_form": 1.2463
    },
    "Al-Ti": {
      "E_form": 0.6783
    },
    "Cr-Mg": {
      "E_form": 1.0386
    },
    "Al-Zn": {
      "E_form": 1.8188
    },
    "Cr-Cu": {
      "E_form": 1.2685
    },
    "Cr-Ti": {
      "E_form": 0.1945
    },
    "Cr-Fe": {
      "E_form": 0.4014
    },
    "Cr-Zn": {
      "E_form": 0.6537
    },
    "Cu-Mg": {
      "E_form": 0.4098
    },
    "Cu-Fe": {
      "E_form": 1.413
    },
    "Cr-Si": {
      "E_form": 3.6942
    },
    "Cu-Si": {
      "E_form": 1.1114
    },
    "Cu-Zn": {
      "E_form": 1.7243
    },
    "Cu-Ti": {
      "E_form": 1.5059
    },
    "Fe-Mg": {
      "E_form": 0.746
    },
    "Fe-Ti": {
      "E_form": -0.358
    },
    "Fe-Zn": {
      "E_form": 0.4772
    },
    "Fe-Si": {
      "E_form": 3.6855
    },
    "Mg-Si": {
      "E_form": -0.0553
    },
    "Mg-Ti": {
      "E_form": 0.5546
    },
    "Mg-Zn": {
      "E_form": 0.2723
    },
    "Mg-Mn": {
      "E_form": -0.4301
    },
    "Mn-Zn": {
      "E_form": 0.3543
    },
    "Cr-Mn": {
      "E_form": 3.8154
    },
    "Si-Ti": {
      "E_form": 0.2123
    },
    "Ti-Zn": {
      "E_form": 0.5753
    },
    "Si-Zn": {
      "E_form": 0.4719
    },
    "Fe-Mn": {
      "E_form": 2.2581
    }
  }
}