{
  "elements": {
    "Al": {
      "a_lat": 4.0469,
      "E_coh": 3.6089,
      "B_GPa": 77.5,
      "lattice": "fcc",
      "eos_data": {
        "volumes": [
          117.54624614400004,
          122.51234577599998,
          127.61638387199999,
          132.86025000000004,
          138.24583372800004,
          143.77502462400003,
          149.44971225600003
        ],
        "energies": [
          -4299.746651841258,
          -4300.0451283407165,
          -4300.2098657865245,
          -4300.25745523154,
          -4300.2027579009455,
          -4300.059404929319,
          -4299.839159253676
        ]
      },
      "C11": 167.1,
      "C12": 32.6
    },
    "Cu": {
      "a_lat": 3.6394,
      "E_coh": 3.8578,
      "B_GPa": 138.5,
      "lattice": "fcc",
      "eos_data": {
        "volumes": [
          83.24636914483196,
          86.76336587366872,
          90.37805076074191,
          94.09176200000003,
          97.90583778539143,
          101.82161631086453,
          105.84043577036793
        ],
        "energies": [
          -23192.66681617934,
          -23193.19762796412,
          -23193.52855172587,
          -23193.688477790838,
          -23193.705783414636,
          -23193.596283309333,
          -23193.384767998035
        ]
      },
      "C11": 135.1,
      "C12": 127.5
    },
    "Si": {
      "a_lat": 5.4705,
      "E_coh": 5.1298,
      "B_GPa": 89.3,
      "lattice": "diamond",
      "eos_data": {
        "volumes": [
          283.2977880023037,
          295.26656698841583,
          307.56779097395184,
          320.2060139999999,
          333.18579010764796,
          346.51167333798395,
          360.18821773209623
        ],
        "energies": [
          -10169.678111210977,
          -10170.753986606782,
          -10171.433402343933,
          -10171.761421698626,
          -10171.779643665775,
          -10171.525733834756,
          -10171.033653781371
        ]
      },
      "C11": 171.28,
      "C12": 48.31
    },
    "Ti": {
      "a_lat": 2.9148,
      "E_coh": 6.2877,
      "B_GPa": 114.5,
      "lattice": "hcp",
      "eos_data": {
        "volumes": [
          128.48568262850728,
          133.91395211519952,
          139.49299730327883,
          145.22488361331207,
          151.11167646586617,
          157.15544128150805,
          163.35824348080453
        ],
        "energies": [
          -19992.752022761975,
          -19993.05103069976,
          -19993.1380042691,
          -19993.091264907718,
          -19992.86112476473,
          -19992.539573011756,
          -19992.060221355285
        ]
      },
      "C11": 161.647,
      "C12": 90.926
    },
    "Zn": {
      "a_lat": 2.7661,
      "E_coh": 0.9644,
      "B_GPa": 68.4,
      "lattice": "hcp",
      "eos_data": {
        "volumes": [
          94.19624664163972,
          98.17585433757387,
          102.26599968147674,
          106.46819688770402,
          110.78396017061169,
          115.2148037445551,
          119.76224182389029
        ],
        "energies": [
          -26524.429435741,
          -26525.11119601098,
          -26525.621032716856,
          -26525.98564022618,
          -26526.220030379154,
          -26526.34510451184,
          -26526.388862866123
        ]
      },
      "C11": 123.12,
      "C12": 41.04
    },
    "Cr": {
      "a_lat": 2.8479,
      "E_coh": 8.666,
      "B_GPa": 213.1,
      "lattice": "bcc",
      "eos_data": {
        "volumes": [
          87.20726320742399,
          90.89159998489602,
          94.67827296051203,
          98.56868399999998,
          102.56423496908808,
          106.66632773350408,
          110.87636415897607
        ],
        "energies": [
          -27015.39339380838,
          -27015.578707686323,
          -27015.558127716708,
          -27015.329720802816,
          -27014.907445160065,
          -27014.28578544911,
          -27013.474390282445
        ]
      },
      "e_bulk_per_atom": -3376.9492875554824,
      "C11": 450.1,
      "C12": 91.3
    },
    "Fe": {
      "a_lat": 2.8059,
      "E_coh": 6.8846,
      "B_GPa": 420.5,
      "lattice": "bcc",
      "eos_data": {
        "volumes": [
          83.66029288243199,
          87.19477708184654,
          90.82743517176417,
          94.55961199999997,
          98.39265241436925,
          102.32790126268688,
          106.36670339276806
        ],
        "energies": [
          -35816.23147338502,
          -35816.828451690526,
          -35816.52968144418,
          -35816.34466593906,
          -35815.69763188477,
          -35815.71305720194,
          -35815.09117694272
        ]
      },
      "e_bulk_per_atom": -4477.0883935168395,
      "C11": 694.314,
      "C12": 283.593
    },
    "Mg": {
      "a_lat": 3.1772,
      "E_coh": 1.4828,
      "B_GPa": 47.8,
      "lattice": "hcp",
      "eos_data": {
        "volumes": [
          165.54031813633932,
          172.5340737001788,
          179.72208793209876,
          187.10702190974422,
          194.69153671076,
          202.47829341279095,
          210.4699530934827
        ],
        "energies": [
          -15385.110226049805,
          -15385.350388689698,
          -15385.379060508536,
          -15385.342207587139,
          -15385.285115246594,
          -15385.154497066558,
          -15384.940420075582
        ]
      },
      "e_bulk_per_atom": -1923.1741876693457,
      "C11": 78.926,
      "C12": 32.237
    },
    "Mn": {
      "a_lat": 8.91,
      "E_coh": 3.0,
      "B_GPa": 70.0,
      "lattice": "bcc",
      "eos_data": {
        "volumes": [],
        "energies": []
      },
      "e_bulk_per_atom": 0.0,
      "C11": 113.077,
      "C12": 48.462
    },
    "Mo": {
      "a_lat": 3.1689,
      "E_coh": 10.3526,
      "B_GPa": 280.8,
      "lattice": "bcc",
      "eos_data": {
        "volumes": [
          110.61279129599998,
          115.28596598400003,
          120.08894284800003,
          125.02349999999997,
          130.09141555199997,
          135.29446761599985,
          140.63443430399997
        ],
        "energies": [
          -15279.512532248093,
          -15280.558542469822,
          -15281.369256671604,
          -15281.555248793293,
          -15281.73973190769,
          -15281.189903175178,
          -15280.59968050389
        ]
      },
      "e_bulk_per_atom": -1910.2103226766867,
      "C11": 407.6,
      "C12": 63.2
    }
  },
  "binary_pairs": {
    "Al-Ti": {
      "E_form": 0.6783
    },
    "Al-Zn": {
      "E_form": 1.8188
    },
    "Al-Cu": {
      "E_form": 0.032
    },
    "Al-Si": {
      "E_form": 0.8347
    },
    "Cu-Ti": {
      "E_form": 1.5059
    },
    "Cu-Zn": {
      "E_form": 1.7243
    },
    "Cu-Si": {
      "E_form": 1.1109
    },
    "Ti-Zn": {
      "E_form": 0.5753
    },
    "Si-Zn": {
      "E_form": 0.4705
    },
    "Si-Ti": {
      "E_form": 0.2109
    },
    "Al-Mo": {
      "E_form": -267.5529
    },
    "Al-Mg": {
      "E_form": -402.3394
    },
    "Al-Cr": {
      "E_form": -267.5198
    },
    "Cr-Mg": {
      "E_form": 1.0386
    },
    "Cr-Cu": {
      "E_form": -1448.3387
    },
    "Al-Fe": {
      "E_form": -267.6013
    },
    "Cr-Fe": {
      "E_form": 0.4013
    },
    "Cr-Ti": {
      "E_form": -1249.3772
    },
    "Cr-Mo": {
      "E_form": 0.1064
    },
    "Cr-Zn": {
      "E_form": -1657.2455
    },
    "Cu-Mg": {
      "E_form": -2174.0009
    },
    "Cu-Fe": {
      "E_form": -1448.1942
    },
    "Cu-Mo": {
      "E_form": -1448.4212
    },
    "Cr-Si": {
      "E_form": -314.1757
    },
    "Fe-Mg": {
      "E_form": 0.746
    },
    "Fe-Mo": {
      "E_form": 0.4621
    },
    "Fe-Ti": {
      "E_form": -1249.9297
    },
    "Fe-Zn": {
      "E_form": -1657.4221
    },
    "Fe-Si": {
      "E_form": -314.1845
    },
    "Mg-Mo": {
      "E_form": 0.884
    },
    "Mg-Ti": {
      "E_form": -1249.0171
    },
    "Mg-Zn": {
      "E_form": -1657.6269
    },
    "Mg-Si": {
      "E_form": -158.9903
    },