{
  "elements": {
    "Mg": {
      "a_lat": 3.1772,
      "E_coh": 1.4828,
      "B_GPa": 47.8,
      "lattice": "hcp",
      "eos_data": {
        "volumes": [
          165.54031813633932,
          172.5340737001788,
          179.72208793209876,
          187.10702190974422,
          194.69153671076,
          202.47829341279095,
          210.4699530934827
        ],
        "energies": [
          -15385.110226049805,
          -15385.350388689698,
          -15385.379060508536,
          -15385.342207587139,
          -15385.285115246594,
          -15385.154497066558,
          -15384.940420075582
        ]
      },
      "e_bulk_per_atom": -1923.1741876693457,
      "C11": 78.926,
      "C12": 32.237
    },
    "Mo": {
      "a_lat": 3.1689,
      "E_coh": 10.3526,
      "B_GPa": 280.8,
      "lattice": "bcc",
      "eos_data": {
        "volumes": [
          110.61279129599998,
          115.28596598400003,
          120.08894284800003,
          125.02349999999997,
          130.09141555199997,
          135.29446761599985,
          140.63443430399997
        ],
        "energies": [
          -15279.512532248093,
          -15280.558542469822,
          -15281.369256671604,
          -15281.555248793293,
          -15281.73973190769,
          -15281.189903175178,
          -15280.59968050389
        ]
      },
      "e_bulk_per_atom": -1910.2103226766867,
      "C11": 407.6,
      "C12": 63.2
    },
    "Al": {
      "a_lat": 4.0469,
      "E_coh": 3.6105,
      "B_GPa": 77.5,
      "lattice": "fcc",
      "eos_data": {
        "volumes": [
          117.54624614400004,
          122.51234577599998,
          127.61638387199999,
          132.86025000000004,
          138.24583372800004,
          143.77502462400003,
          149.44971225600003
        ],
        "energies": [
          -4299.746651841258,
          -4300.0451283407165,
          -4300.2098657865245,
          -4300.25745523154,
          -4300.2027579009455,
          -4300.059404929319,
          -4299.839159253676
        ]
      },
      "e_bulk_per_atom": -537.5321851780983,
      "C11": 167.1,
      "C12": 32.6
    },
    "Cu": {
      "a_lat": 3.6394,
      "E_coh": 3.8572,
      "B_GPa": 138.5,
      "lattice": "fcc",
      "eos_data": {
        "volumes": [
          83.24636914483196,
          86.76336587366872,
          90.37805076074191,
          94.09176200000003,
          97.90583778539143,
          101.82161631086453,
          105.84043577036793
        ],
        "energies": [
          -23192.66681617934,
          -23193.19762796412,
          -23193.52855172587,
          -23193.688477790838,
          -23193.705783414636,
          -23193.596283309333,
          -23193.384767998035
        ]
      },
      "e_bulk_per_atom": -2899.2143094904864,
      "C11": 135.1,
      "C12": 127.5
    },
    "Fe": {
      "a_lat": 2.8059,
      "E_coh": 6.8341,
      "B_GPa": 420.5,
      "lattice": "bcc",
      "eos_data": {
        "volumes": [
          83.66029288243199,
          87.19477708184654,
          90.82743517176417,
          94.55961199999997,
          98.39265241436925,
          102.32790126268688,
          106.36670339276806
        ],
        "energies": [
          -35816.231476786445,
          -35816.82831386487,
          -35816.52968538983,
          -35816.34466879626,
          -35815.69764045635,
          -35815.71304726978,
          -35815.09117680665
        ]
      },
      "e_bulk_per_atom": -4477.088382416391,
      "C11": 16.7,
      "C12": 114.4
    },
    "Zn": {
      "a_lat": 2.7661,
      "E_coh": 0.9642,
      "B_GPa": 68.4,
      "lattice": "hcp",
      "eos_data": {
        "volumes": [
          94.19624664163972,
          98.17585433757387,
          102.26599968147674,
          106.46819688770402,
          110.78396017061169,
          115.2148037445551,
          119.76224182389029
        ],
        "energies": [
          -26524.429435741,
          -26525.11119601098,
          -26525.621032716856,
          -26525.98564022618,
          -26526.220030379154,
          -26526.34510451184,
          -26526.388862866123
        ]
      },
      "e_bulk_per_atom": -3315.798444430143
    },
    "Ti": {
      "a_lat": 2.9148,
      "E_coh": 6.2842,
      "B_GPa": 114.5,
      "lattice": "hcp",
      "eos_data": {
        "volumes": [
          128.48568262850728,
          133.91395211519952,
          139.49299730327883,
          145.22488361331207,
          151.11167646586617,
          157.15544128150805,
          163.35824348080453
        ],
        "energies": [
          -19992.752022761975,
          -19993.05103069976,
          -19993.1380042691,
          -19993.091264907718,
          -19992.86112476473,
          -19992.539573011756,
          -19992.060221355285
        ]
      },
      "e_bulk_per_atom": -2499.1434461880604
    },
    "Cr": {
      "a_lat": 2.8479,
      "E_coh": 3.9641,
      "B_GPa": 213.1,
      "lattice": "bcc",
      "eos_data": {
        "volumes": [
          87.20726320742399,
          90.89159998489602,
          94.67827296051203,
          98.56868399999998,
          102.56423496908808,
          106.66632773350408,
          110.87636415897607
        ],
        "energies": [
          -27015.393355168213,
          -27015.578749591856,
          -27015.55813193447,
          -27015.32974039501,
          -27014.90744216681,
          -27014.28579715,
          -27013.474361574434
        ]
      },
      "e_bulk_per_atom": -3376.949289765604,
      "C11": 377.3,
      "C12": 23.6
    },
    "Mn": {
      "a_lat": 2.8031,
      "E_coh": 3.7276,
      "B_GPa": 225.7,
      "lattice": "bcc",
      "eos_data": {
        "volumes": [
          85.42150498713603,
          89.03039696282546,
          92.73952958061992,
          96.55027600000003,
          100.46400938044684,
          104.48210288144112,
          108.60592966246402
        ],
        "energies": [
          -31185.02208472938,
          -31185.0812028214,
          -31184.92003768606,
          -31184.59177941542,
          -31184.085700057432,
          -31183.45135167818,
          -31182.670374620917
        ]
      },
      "e_bulk_per_atom": -3898.1354410346435,
      "C11": 235.0,
      "C12": 244.7
    }
  },
  "binary_pairs": {}
}