{
  "elements": {
    "Mg": {
      "a_lat": 3.1772,
      "E_coh": 1.4828,
      "B_GPa": 47.8,
      "lattice": "hcp",
      "eos_data": {
        "volumes": [
          165.54031813633932,
          172.5340737001788,
          179.72208793209876,
          187.10702190974422,
          194.69153671076,
          202.47829341279095,
          210.4699530934827
        ],
        "energies": [
          -15385.110226049805,
          -15385.350388689698,
          -15385.379060508536,
          -15385.342207587139,
          -15385.285115246594,
          -15385.154497066558,
          -15384.940420075582
        ]
      },
      "e_bulk_per_atom": -1923.1741876693457,
      "C11": 78.926,
      "C12": 32.237
    },
    "Mo": {
      "a_lat": 3.1689,
      "E_coh": 10.3526,
      "B_GPa": 280.8,
      "lattice": "bcc",
      "eos_data": {
        "volumes": [
          110.61279129599998,
          115.28596598400003,
          120.08894284800003,
          125.02349999999997,
          130.09141555199997,
          135.29446761599985,
          140.63443430399997
        ],
        "energies": [
          -15279.512532248093,
          -15280.558542469822,
          -15281.369256671604,
          -15281.555248793293,
          -15281.73973190769,
          -15281.189903175178,
          -15280.59968050389
        ]
      },
      "e_bulk_per_atom": -1910.2103226766867,
      "C11": 407.6,
      "C12": 63.2
    },
    "Al": {
      "a_lat": 4.0469,
      "E_coh": 3.6105,
      "B_GPa": 77.5,
      "lattice": "fcc",
      "eos_data": {
        "volumes": [
          117.54624614400004,
          122.51234577599998,
          127.61638387199999,
          132.86025000000004,
          138.24583372800004,
          143.77502462400003,
          149.44971225600003
        ],
        "energies": [
          -4299.746651841258,
          -4300.0451283407165,
          -4300.2098657865245,
          -4300.25745523154,
          -4300.2027579009455,
          -4300.059404929319,
          -4299.839159253676
        ]
      },
      "e_bulk_per_atom": -537.5321851780983,
      "C11": 167.1,
      "C12": 32.6
    },
    "Cu": {
      "a_lat": 3.6394,
      "E_coh": 3.8572,
      "B_GPa": 138.5,
      "lattice": "fcc",
      "eos_data": {
        "volumes": [
          83.24636914483196,
          86.76336587366872,
          90.37805076074191,
          94.09176200000003,
          97.90583778539143,
          101.82161631086453,
          105.84043577036793
        ],
        "energies": [
          -23192.66681617934,
          -23193.19762796412,
          -23193.52855172587,
          -23193.688477790838,
          -23193.705783414636,
          -23193.596283309333,
          -23193.384767998035
        ]
      },
      "e_bulk_per_atom": -2899.2143094904864,
      "C11": 135.1,
      "C12": 127.5
    },
    "Zn": {
      "a_lat": 2.7661,
      "E_coh": 0.9642,
      "B_GPa": 68.4,
      "lattice": "hcp",
      "eos_data": {
        "volumes": [
          94.19624664163972,
          98.17585433757387,
          102.26599968147674,
          106.46819688770402,
          110.78396017061169,
          115.2148037445551,
          119.76224182389029
        ],
        "energies": [
          -26524.429435741,
          -26525.11119601098,
          -26525.621032716856,
          -26525.98564022618,
          -26526.220030379154,
          -26526.34510451184,
          -26526.388862866123
        ]
      },
      "e_bulk_per_atom": -3315.798444430143
    },
    "Ti": {
      "a_lat": 2.9148,
      "E_coh": 6.2842,
      "B_GPa": 114.5,
      "lattice": "hcp",
      "eos_data": {
        "volumes": [
          128.48568262850728,
          133.91395211519952,
          139.49299730327883,
          145.22488361331207,
          151.11167646586617,
          157.15544128150805,
          163.35824348080453
        ],
        "energies": [
          -19992.752022761975,
          -19993.05103069976,
          -19993.1380042691,
          -19993.091264907718,
          -19992.86112476473,
          -19992.539573011756,
          -19992.060221355285
        ]
      },
      "e_bulk_per_atom": -2499.1434461880604
    },
    "Si": {
      "a_lat": 5.4705,
      "E_coh": 5.1302,
      "B_GPa": 89.3,
      "lattice": "diamond",
      "eos_data": {
        "volumes": [
          283.2977880023037,
          295.26656698841583,
          307.56779097395184,
          320.2060139999999,
          333.18579010764796,
          346.51167333798395,
          360.18821773209623
        ],
        "energies": [
          -10169.678111210977,
          -10170.753986606782,
          -10171.433402343933,
          -10171.761421698626,
          -10171.779643665775,
          -10171.525733834756,
          -10171.033653781371
        ]
      },
      "e_bulk_per_atom": -635.7379429238558
    },
    "Fe": {
      "a_lat": 2.8312,
      "E_coh": 5.1658,
      "B_GPa": 316.2,
      "lattice": "bcc",
      "eos_data": {
        "volumes": [
          83.66029288243199,
          87.19477708184654,
          90.82743517176417,
          94.55961199999997,
          98.39265241436925,
          102.32790126268688,
          106.36670339276806
        ],
        "energies": [
          -35815.95210213424,
          -35816.18502640996,
          -35816.55402352368,
          -35816.434341326705,
          -35815.88926900803,
          -35815.06796889764,
          -35814.27914802292
        ]
      },
      "e_bulk_per_atom": -4477.060544927997,
      "magnetic": {
        "eos_equilibrium": {
          "total_mag_per_cell": 17.6,
          "absolute_mag_per_cell": 18.87,
          "per_atom": [
            2.2705,
            2.2702,
            2.2702,
            2.27,
            2.2702,
            2.27,
            2.27,
            2.2702
          ],
          "scf_iterations": 11
        }
      }
    },
    "Cr": {
      "a_lat": 2.8556,
      "E_coh": 3.9125,
      "B_GPa": 271.2,
      "lattice": "bcc",
      "eos_data": {
        "volumes": [
          87.20726320742399,
          90.89159998489602,
          94.67827296051203,
          98.56868399999998,
          102.56423496908808,
          106.66632773350408,
          110.87636415897607
        ],
        "energies": [
          -27014.812446001222,
          -27015.1323548669,
          -27015.1524321062,
          -27014.92620414387,
          -27014.523492125547,
          -27013.878997845764,
          -27013.128326378825
        ]
      },
      "e_bulk_per_atom": -3376.897008195784,
      "magnetic": {
        "eos_equilibrium": {
          "total_mag_per_cell": 0.0,
          "absolute_mag_per_cell": 0.12,
          "per_atom": [
            -0.0153,
            0.0141,
            0.0146,
            -0.0134,
            0.0146,
            -0.0134,
            -0.0152,
            0.0141
          ],
          "scf_iterations": 15
        }
      }
    },
    "Mn": {
      "a_lat": 2.8287,
      "E_coh": 3.7341,
      "B_GPa": 161.2,
      "lattice": "bcc",
      "eos_data": {
        "volumes": [
          85.42150498713603,
          89.03039696282546,
          92.73952958061992,
          96.55027600000003,
          100.46400938044684,
          104.48210288144112,
          108.60592966246402
        ],
        "energies": [
          -31185.13873027197,
          -31185.304064327367,
          -31185.280707163914,
          -31185.130518964772,
          -31184.88884337194,
          -31184.556654280837,
          -31184.152708362315
        ]
      },
      "e_bulk_per_atom": -3898.1636460570503,
      "magnetic": {
        "eos_equilibrium": {
          "total_mag_per_cell": -0.0,
          "absolute_mag_per_cell": 15.53,
          "per_atom": [
            1.8452,
            -1.8454,
            1.8475,
            -1.8477,
            1.8475,
            -1.8477,
            1.845,
            -1.8454
          ],
          "scf_iterations": 15
        }
      }
    },