{
  "n_total": 7839,
  "n_train": 5487,
  "n_val": 2352,
  "epochs_trained": 500,
  "attempts": 1,
  "max_error_pct": 20,
  "gate_kind": "mean",
  "gate_passed": true,
  "val_mean_E_err_pct": 16.470102716290967,
  "val_mean_nu_err_pct": 10.303126898160183,
  "huber_delta": 1.0,
  "nu_filter_max": 0.48,
  "C_scale": 200.0,
  "val_pass": 1691,
  "val_fail": 661,
  "train": {
    "E_GPa": {
      "MAE": 19.570273269478125,
      "RMSE": 30.530803710220983,
      "Std": 30.119855475042808,
      "Bias": -5.008953847021315,
      "MedAE": 12.22121002197266,
      "MaxAE": 399.56121093750005,
      "P95AE": 61.21820947265625,
      "R2": 0.8350790919928052,
      "Pearson": 0.916567519013624,
      "MAPE": 15.090412354228027,
      "MedAPE": 10.169108898554246,
      "true_mean": 135.8853672316384,
      "true_std": 75.18651530694856,
      "pred_mean": 130.8764133846171,
      "pred_std": 67.10615918568901
    },
    "nu": {
      "MAE": 0.02542654059467155,
      "RMSE": 0.037770207865200196,
      "Std": 0.03765765772581062,
      "Bias": 0.0029576787987531474,
      "MedAE": 0.01690499520301819,
      "MaxAE": 0.3233910574913025,
      "P95AE": 0.07731929566860198,
      "R2": 0.664046290760384,
      "Pearson": 0.8169921310155572,
      "MAPE": 10.735042500366388,
      "MedAPE": 5.290658536710239,
      "true_mean": 0.31607344632768364,
      "true_std": 0.06517022691633814,
      "pred_mean": 0.3190311251264368,
      "pred_std": 0.055655545964466126
    },
    "C11": {
      "MAE": 17.80400226507505,
      "RMSE": 59.456577431164355,
      "Std": 59.19847475606707,
      "Bias": -5.591410415896914,
      "MedAE": 10.13230346679687,
      "MaxAE": 2986.2478125,
      "P95AE": 51.21551635742187,
      "R2": 0.7938943671112442,
      "Pearson": 0.8962047804045381,
      "MAPE": 8.156047635969196,
      "MedAPE": 5.770582724965432,
      "true_mean": 201.52340805540368,
      "true_std": 130.9768536814971,
      "pred_mean": 195.93199763950676,
      "pred_std": 128.69917034546026
    },
    "C12": {
      "MAE": 12.045030876301842,
      "RMSE": 54.97549954965875,
      "Std": 54.97150029385836,
      "Bias": -0.9952075463547522,
      "MedAE": 5.510456237792965,
      "MaxAE": 2872.6953125,
      "P95AE": 34.83064364624019,
      "R2": 0.6821559792046165,
      "Pearson": 0.8400900220904106,
      "MAPE": 16.099297613731377,
      "MedAPE": 6.811457171768688,
      "true_mean": 96.67531802442137,
      "true_std": 97.5218070085876,
      "pred_mean": 95.68011047806661,
      "pred_std": 96.87407749731827
    }
  },
  "val": {
    "E_GPa": {
      "MAE": 21.319465488381937,
      "RMSE": 34.622910103867916,
      "Std": 34.33191451791316,
      "Bias": -4.535051179613386,
      "MedAE": 12.752390747070308,
      "MaxAE": 271.0519622802734,
      "P95AE": 68.84445712280272,
      "R2": 0.7741488063339024,
      "Pearson": 0.8827515309756202,
      "MAPE": 16.470102716290967,
      "MedAPE": 10.733209936964872,
      "true_mean": 133.76884778911563,
      "true_std": 72.86932005841145,
      "pred_mean": 129.23379660950226,
      "pred_std": 66.87756052493324
    },
    "nu": {
      "MAE": 0.026400743190265658,
      "RMSE": 0.03995381226027117,
      "Std": 0.039889772261525305,
      "Bias": 0.002406181847774836,
      "MedAE": 0.01733841389417648,
      "MaxAE": 0.31572001361846924,
      "P95AE": 0.08149247852563855,
      "R2": 0.5914137031511593,
      "Pearson": 0.7724796795327319,
      "MAPE": 10.303126898160183,
      "MedAPE": 5.356277705301404,
      "true_mean": 0.3192580782312925,
      "true_std": 0.06251851736409254,
      "pred_mean": 0.32166426007906734,
      "pred_std": 0.052162980381151317
    },
    "C11": {
      "MAE": 21.313607108966025,
      "RMSE": 58.61926693532887,
      "Std": 58.366843367974724,
      "Bias": -5.565830866495768,
      "MedAE": 10.308653564453138,
      "MaxAE": 1388.7751220703126,
      "P95AE": 64.23821365356443,
      "R2": 0.704495189915613,
      "Pearson": 0.8598160490839843,
      "MAPE": 9.416580575812443,
      "MedAPE": 6.084333709797463,
      "true_mean": 199.41932397959184,
      "true_std": 107.85752490137119,
      "pred_mean": 193.85349311309608,
      "pred_std": 112.06923500744303
    },
    "C12": {
      "MAE": 14.042942303232595,
      "RMSE": 52.34542636990535,
      "Std": 52.33920490481977,
      "Bias": -1.34759022659185,
      "MedAE": 5.8267306518554705,
      "MaxAE": 1453.34111328125,
      "P95AE": 39.41905233001705,
      "R2": 0.46935062473214006,
      "Pearson": 0.7528344841018525,
      "MAPE": 14.73940705381552,
      "MedAPE": 7.081206937136292,
      "true_mean": 96.54484268707483,
      "true_std": 71.87324564431336,
      "pred_mean": 95.19725246048299,
      "pred_std": 76.50007982627703
    }
  }
}