{
  "n_total": 7839,
  "n_train": 5487,
  "n_val": 2352,
  "epochs_trained": 500,
  "attempts": 1,
  "max_error_pct": 20,
  "gate_kind": "mean",
  "gate_passed": true,
  "val_mean_E_err_pct": 16.272463801222976,
  "val_mean_nu_err_pct": 10.603701584388817,
  "huber_delta": 1.0,
  "nu_filter_max": 0.48,
  "C_scale": 200.0,
  "val_pass": 1736,
  "val_fail": 616,
  "train": {
    "E_GPa": {
      "MAE": 18.037343910096315,
      "RMSE": 28.176156282489472,
      "Std": 27.999346665728606,
      "Bias": -3.174152746518627,
      "MedAE": 11.421646118164062,
      "MaxAE": 487.83207763671874,
      "P95AE": 56.37316363525391,
      "R2": 0.859536741810498,
      "Pearson": 0.9286647647084766,
      "MAPE": 14.492456924811975,
      "MedAPE": 9.68625530368388,
      "true_mean": 135.8853672316384,
      "true_std": 75.18651530694856,
      "pred_mean": 132.7112144851198,
      "pred_std": 67.33066080880077
    },
    "nu": {
      "MAE": 0.024669967477613106,
      "RMSE": 0.03613163681085328,
      "Std": 0.036113854337762055,
      "Bias": 0.0012338535142723435,
      "MedAE": 0.01647596383094785,
      "MaxAE": 0.31800530433654783,
      "P95AE": 0.07462110984325407,
      "R2": 0.692563120870788,
      "Pearson": 0.8328249342129557,
      "MAPE": 10.317990375829122,
      "MedAPE": 5.249163486974693,
      "true_mean": 0.31607344632768364,
      "true_std": 0.06517022691633814,
      "pred_mean": 0.31730729984195594,
      "pred_std": 0.055969483330598126
    },
    "C11": {
      "MAE": 14.514886153193148,
      "RMSE": 23.78183508097458,
      "Std": 23.136418632579907,
      "Bias": -5.511748309113711,
      "MedAE": 8.975710449218752,
      "MaxAE": 395.81489746093746,
      "P95AE": 44.86248931884765,
      "R2": 0.9670253058608028,
      "Pearson": 0.9846759492799013,
      "MAPE": 7.140097149222613,
      "MedAPE": 5.175445729335086,
      "true_mean": 201.52340805540368,
      "true_std": 130.9768536814971,
      "pred_mean": 196.01165974628998,
      "pred_std": 125.2878999917429
    },
    "C12": {
      "MAE": 10.09174223674154,
      "RMSE": 18.811257006471923,
      "Std": 18.643107868810684,
      "Bias": -2.5221543565560323,
      "MedAE": 5.512021789550779,
      "MaxAE": 444.99274047851566,
      "P95AE": 33.603574493408196,
      "R2": 0.9627855751664388,
      "Pearson": 0.981779226250732,
      "MAPE": 14.511308521055557,
      "MedAPE": 6.9891250923677,
      "true_mean": 96.67531802442137,
      "true_std": 97.5218070085876,
      "pred_mean": 94.15316366786533,
      "pred_std": 93.70883793171146
    }
  },
  "val": {
    "E_GPa": {
      "MAE": 20.43631681623913,
      "RMSE": 34.975191210025045,
      "Std": 34.863745613785944,
      "Bias": -2.8809769162028824,
      "MedAE": 11.630204010009763,
      "MaxAE": 471.12382934570314,
      "P95AE": 67.97756817626943,
      "R2": 0.7695294443358726,
      "Pearson": 0.8784622610155602,
      "MAPE": 16.272463801222976,
      "MedAPE": 9.906266248944902,
      "true_mean": 133.76884778911563,
      "true_std": 72.86932005841145,
      "pred_mean": 130.88787087291277,
      "pred_std": 65.80191948710305
    },
    "nu": {
      "MAE": 0.027118102652581445,
      "RMSE": 0.043394925861147196,
      "Std": 0.043398623873821894,
      "Bias": 0.0006926896141328838,
      "MedAE": 0.017460024356842047,
      "MaxAE": 0.7308833420276641,
      "P95AE": 0.08683290182352053,
      "R2": 0.5180019852110599,
      "Pearson": 0.730970368532066,
      "MAPE": 10.603701584388817,
      "MedAPE": 5.3595662284045575,
      "true_mean": 0.3192580782312925,
      "true_std": 0.06251851736409254,
      "pred_mean": 0.3199507678454254,
      "pred_std": 0.05365474334036729
    },
    "C11": {
      "MAE": 19.744776111654684,
      "RMSE": 64.14660654056486,
      "Std": 63.92773742332985,
      "Bias": -5.456105274408042,
      "MedAE": 9.300723266601558,
      "MaxAE": 1415.0103552246094,
      "P95AE": 58.11408010864259,
      "R2": 0.646140254135861,
      "Pearson": 0.8215246697002777,
      "MAPE": 8.563180311406738,
      "MedAPE": 5.440787538729448,
      "true_mean": 199.41932397959184,
      "true_std": 107.85752490137119,
      "pred_mean": 193.9632187051838,
      "pred_std": 106.06670731975693
    },
    "C12": {
      "MAE": 14.318432937021157,
      "RMSE": 57.32531309569618,
      "Std": 57.272473982020244,
      "Bias": -2.729443397842297,
      "MedAE": 5.716734619140624,
      "MaxAE": 1357.5842041015626,
      "P95AE": 38.635941757202126,
      "R2": 0.3635811347877097,
      "Pearson": 0.6830633653651534,
      "MAPE": 14.368341763488187,
      "MedAPE": 7.419023013321816,
      "true_mean": 96.54484268707483,
      "true_std": 71.87324564431336,
      "pred_mean": 93.81539928923253,
      "pred_std": 71.99795039686578
    }
  }
}