{
  "n_total": 7839,
  "n_train": 5487,
  "n_val": 2352,
  "epochs_trained": 500,
  "attempts": 1,
  "max_error_pct": 20,
  "gate_kind": "mean",
  "gate_passed": true,
  "val_mean_E_err_pct": 16.709894088386264,
  "val_mean_nu_err_pct": 10.479121308096584,
  "huber_delta": 1.0,
  "nu_filter_max": 0.48,
  "C_scale": 200.0,
  "val_pass": 1735,
  "val_fail": 617,
  "train": {
    "E_GPa": {
      "MAE": 18.91071305144435,
      "RMSE": 29.701987778781906,
      "Std": 29.668774484130214,
      "Bias": -1.4602468085910356,
      "MedAE": 11.805270080566402,
      "MaxAE": 391.1038977050781,
      "P95AE": 58.745530151367106,
      "R2": 0.8439117278179304,
      "Pearson": 0.9189516663713908,
      "MAPE": 15.244163823287598,
      "MedAPE": 10.23586902146248,
      "true_mean": 135.8853672316384,
      "true_std": 75.18651530694856,
      "pred_mean": 134.4251204230474,
      "pred_std": 70.11034389759978
    },
    "nu": {
      "MAE": 0.02593020258077794,
      "RMSE": 0.03790882424772602,
      "Std": 0.03790479637534648,
      "Bias": 0.000753138811455326,
      "MedAE": 0.01798454451560977,
      "MaxAE": 0.31979850673675536,
      "P95AE": 0.07848399963974952,
      "R2": 0.6615758706130099,
      "Pearson": 0.8181600947967567,
      "MAPE": 10.727575744754745,
      "MedAPE": 5.676567786699767,
      "true_mean": 0.31607344632768364,
      "true_std": 0.06517022691633814,
      "pred_mean": 0.3168265851391389,
      "pred_std": 0.05902960757630363
    },
    "C11": {
      "MAE": 17.205418478310683,
      "RMSE": 45.27957051573883,
      "Std": 45.202145670240434,
      "Bias": -2.716230871368458,
      "MedAE": 10.080609741210935,
      "MaxAE": 2144.6413671875,
      "P95AE": 50.83041369628905,
      "R2": 0.8804651206942216,
      "Pearson": 0.9417512657536167,
      "MAPE": 8.307000173387678,
      "MedAPE": 5.772716202523408,
      "true_mean": 201.52340805540368,
      "true_std": 130.9768536814971,
      "pred_mean": 198.80717718403523,
      "pred_std": 133.49318695760093
    },
    "C12": {
      "MAE": 12.361686240985827,
      "RMSE": 40.96832673781156,
      "Std": 40.95055684626303,
      "Bias": -1.3271441941481155,
      "MedAE": 6.386119995117184,
      "MaxAE": 2044.775634765625,
      "P95AE": 36.11443200683591,
      "R2": 0.8234888557801098,
      "Pearson": 0.9160930474420209,
      "MAPE": 16.743099327438145,
      "MedAPE": 7.90541392966279,
      "true_mean": 96.67531802442137,
      "true_std": 97.5218070085876,
      "pred_mean": 95.34817383027324,
      "pred_std": 101.50091629320313
    }
  },
  "val": {
    "E_GPa": {
      "MAE": 20.873845308783913,
      "RMSE": 35.71816070069801,
      "Std": 35.68182381286655,
      "Bias": -1.7708124101080862,
      "MedAE": 11.70433288574219,
      "MaxAE": 446.5907934570312,
      "P95AE": 71.23161027526852,
      "R2": 0.7596337833521289,
      "Pearson": 0.8753617918982759,
      "MAPE": 16.709894088386264,
      "MedAPE": 10.3181960867232,
      "true_mean": 133.76884778911563,
      "true_std": 72.86932005841145,
      "pred_mean": 131.99803537900755,
      "pred_std": 69.44727336801895
    },
    "nu": {
      "MAE": 0.027304555276534317,
      "RMSE": 0.04105641591577353,
      "Std": 0.04106269783381179,
      "Bias": 0.0004483669341306627,
      "MedAE": 0.018526083052158346,
      "MaxAE": 0.3004140641689301,
      "P95AE": 0.08772721339464187,
      "R2": 0.5685510498034969,
      "Pearson": 0.7639245764226756,
      "MAPE": 10.479121308096584,
      "MedAPE": 5.7303733614336245,
      "true_mean": 0.3192580782312925,
      "true_std": 0.06251851736409254,
      "pred_mean": 0.3197064451654232,
      "pred_std": 0.0554108026887658
    },
    "C11": {
      "MAE": 20.800134980078457,
      "RMSE": 54.82298804427912,
      "Std": 54.62232633897759,
      "Bias": -4.819753127844155,
      "MedAE": 10.362262878417965,
      "MaxAE": 1066.791083984375,
      "P95AE": 65.05904809570303,
      "R2": 0.7415305651516848,
      "Pearson": 0.8701618466641348,
      "MAPE": 9.328877711416386,
      "MedAPE": 6.08081901831447,
      "true_mean": 199.41932397959184,
      "true_std": 107.85752490137119,
      "pred_mean": 194.59957085174767,
      "pred_std": 106.45639519748293
    },
    "C12": {
      "MAE": 14.677792879655248,
      "RMSE": 44.64956455002648,
      "Std": 44.54770982084366,
      "Bias": -3.151017861897443,
      "MedAE": 6.795975494384763,
      "MaxAE": 812.3860397338867,
      "P95AE": 42.62521689987182,
      "R2": 0.6139134881999655,
      "Pearson": 0.7981933156159109,
      "MAPE": 15.010549491308431,
      "MedAPE": 8.489632948250927,
      "true_mean": 96.54484268707483,
      "true_std": 71.87324564431336,
      "pred_mean": 93.39382482517739,
      "pred_std": 67.85243763380474
    }
  }
}