{
  "n_total": 7839,
  "n_train": 5487,
  "n_val": 2352,
  "epochs_trained": 200,
  "attempts": 1,
  "max_error_pct": 20,
  "gate_kind": "mean",
  "gate_passed": true,
  "val_mean_E_err_pct": 15.974947071487236,
  "val_mean_nu_err_pct": 10.098723906525853,
  "huber_delta": 1.0,
  "nu_filter_max": 0.48,
  "C_scale": 200.0,
  "val_pass": 1737,
  "val_fail": 615,
  "train": {
    "E_GPa": {
      "MAE": 18.495467978133863,
      "RMSE": 30.050791347578834,
      "Std": 29.94703088580663,
      "Bias": 2.527616880488826,
      "MedAE": 11.233558044433593,
      "MaxAE": 476.33696777343755,
      "P95AE": 59.41220806884763,
      "R2": 0.8402241748077967,
      "Pearson": 0.9175318210620415,
      "MAPE": 15.07339603657927,
      "MedAPE": 9.21589036160923,
      "true_mean": 135.8853672316384,
      "true_std": 75.18651530694856,
      "pred_mean": 138.41298411212725,
      "pred_std": 70.68412894279226
    },
    "nu": {
      "MAE": 0.02470122477265575,
      "RMSE": 0.03650603270092344,
      "Std": 0.03650621945157681,
      "Bias": 0.00047879936540520064,
      "MedAE": 0.0170927052497864,
      "MaxAE": 0.3052963125705719,
      "P95AE": 0.07637992999553672,
      "R2": 0.6861587914139455,
      "Pearson": 0.8288555021579255,
      "MAPE": 10.418411056508688,
      "MedAPE": 5.274775448967429,
      "true_mean": 0.31607344632768364,
      "true_std": 0.06517022691633814,
      "pred_mean": 0.3165522456930888,
      "pred_std": 0.05218651369369897
    },
    "C11": {
      "MAE": 17.228557289364083,
      "RMSE": 58.62955993500292,
      "Std": 58.63340796755084,
      "Bias": 0.4187095386525289,
      "MedAE": 9.350631103515624,
      "MaxAE": 2556.7878515625,
      "P95AE": 49.15126123046869,
      "R2": 0.7995881862001144,
      "Pearson": 0.8942364936674135,
      "MAPE": 7.986268533351036,
      "MedAPE": 5.407412402807058,
      "true_mean": 201.52340805540368,
      "true_std": 130.9768536814971,
      "pred_mean": 201.9421175940562,
      "pred_std": 116.10553098228114
    },
    "C12": {
      "MAE": 12.189631499326447,
      "RMSE": 53.922187469622,
      "Std": 53.919672585491014,
      "Bias": -0.8950239255420928,
      "MedAE": 5.67284683227539,
      "MaxAE": 2330.524169921875,
      "P95AE": 34.809459350585904,
      "R2": 0.6942188700408052,
      "Pearson": 0.8339114433771838,
      "MAPE": 16.334429054121617,
      "MedAPE": 7.196622316529146,
      "true_mean": 96.67531802442137,
      "true_std": 97.5218070085876,
      "pred_mean": 95.78029409887927,
      "pred_std": 78.08251145919458
    }
  },
  "val": {
    "E_GPa": {
      "MAE": 19.832081101411056,
      "RMSE": 33.50011081678301,
      "Std": 33.43033849143622,
      "Bias": 2.268271996828975,
      "MedAE": 11.277048950195315,
      "MaxAE": 426.4659155273437,
      "P95AE": 64.82533241271962,
      "R2": 0.7885597121801404,
      "Pearson": 0.8912871195075442,
      "MAPE": 15.974947071487236,
      "MedAPE": 9.210362511530816,
      "true_mean": 133.76884778911563,
      "true_std": 72.86932005841145,
      "pred_mean": 136.0371197859446,
      "pred_std": 70.0293868418043
    },
    "nu": {
      "MAE": 0.02599853728913075,
      "RMSE": 0.03873435835732737,
      "Std": 0.03873592459661343,
      "Bias": 0.000718761935361288,
      "MedAE": 0.017406822323799115,
      "MaxAE": 0.3019935109615326,
      "P95AE": 0.08102452824115747,
      "R2": 0.6159744848375602,
      "Pearson": 0.7849254628113617,
      "MAPE": 10.098723906525853,
      "MedAPE": 5.385161495597147,
      "true_mean": 0.3192580782312925,
      "true_std": 0.06251851736409254,
      "pred_mean": 0.3199768401666538,
      "pred_std": 0.049142693581992324
    },
    "C11": {
      "MAE": 19.173807942915936,
      "RMSE": 54.26042233868631,
      "Std": 54.26946594375067,
      "Bias": 0.5202872088166325,
      "MedAE": 9.517745513916026,
      "MaxAE": 1144.5168017578126,
      "P95AE": 58.002946502685475,
      "R2": 0.7468079133453036,
      "Pearson": 0.874349350036924,
      "MAPE": 8.66207806448329,
      "MedAPE": 5.47869638530782,
      "true_mean": 199.41932397959184,
      "true_std": 107.85752490137119,
      "pred_mean": 199.93961118840846,
      "pred_std": 108.63665545721766
    },
    "C12": {
      "MAE": 13.74681171313435,
      "RMSE": 47.99327355635291,
      "Std": 47.99996851435825,
      "Bias": -0.5804479538664525,
      "MedAE": 6.235623550415038,
      "MaxAE": 925.2507958984374,
      "P95AE": 40.14216146850585,
      "R2": 0.5539218805648584,
      "Pearson": 0.7670474051227568,
      "MAPE": 14.724969720254045,
      "MedAPE": 7.642035659284948,
      "true_mean": 96.54484268707483,
      "true_std": 71.87324564431336,
      "pred_mean": 95.96439473320838,
      "pred_std": 68.45576382083375
    }
  }
}